{
  "name": "PyTorch Tutorials",
  "build": {
    "context": "..",
    "dockerfile": "Dockerfile",
    "args": {}
  },
  "settings": {
    "terminal.integrated.shell.linux": "/bin/bash",
    "workbench.startupEditor": "none",
    "files.autoSave": "afterDelay",
    "python.dataScience.enabled": true,
    "python.dataScience.alwaysTrustNotebooks": true,
    "python.insidersChannel": "weekly",
    "python.showStartPage": false
  },
  "extensions": ["ms-python.python", "lextudio.restructuredtext"]
}
